record_id,scenario_id,category,scenario_name,predicted_class,ground_truth_class,class_match,outcome,manual_review,predicted_risk,ground_truth_risk,risk_match,indicator_overlap,predicted_indicators,expected_indicators,retrieved_doc_ids,retrieved_scores,model_explanation,model_recommendation,latency_seconds,retries_used,json_valid,strict_schema_valid,error
R001,NET_016,NET,Network settings viewed without changing network profile,normal,normal,TRUE,TN,,low,low,TRUE,1.0,network_profile_viewed; network_profile_unchanged; settings_viewed; no_additional_risky_activity,network_profile_viewed;network_profile_unchanged,NET_003; NET_001; NORMAL_003,20; 19; 17,Viewing network settings without changes is normal and does not indicate a risk.,No action required; this activity is within normal baseline behavior.,9.349,0,TRUE,TRUE,
R002,NORMAL_008,NORMAL,Normal Notepad text editing,normal,normal,TRUE,TN,,low,low,TRUE,0.0,private_network; no_additional_risky_activity,document_activity,NET_001; NORMAL_003; NET_002,16; 16; 8,"The device is using a private network with no risky co-signal, indicating normal activity.",No action required; this is normal network use.,5.334,0,TRUE,TRUE,
R003,USB_001,USB,Authorised USB inserted with no suspicious file activity,normal,normal,TRUE,TN,,low,low,TRUE,0.0,private_network; no_additional_risky_activity,authorised_usb;no_file_execution,NET_001; NORMAL_003; USB_001,16; 16; 10,The device is using a private network and there are no additional risky activities detected.,No action required; this activity is within normal operational bounds.,4.749,0,TRUE,TRUE,
R004,PERSIST_005,PERSIST,Harmless scheduled task created for test,abnormal,abnormal,TRUE,TP,,high,high,TRUE,0.0,scheduled_task_modified; defender_realtime_protection_disabled,scheduled_task_created,PERSIST_002; SEC_003; PERSIST_003,24; 18; 17,"A scheduled task was created without a clear explanation, and real-time protection is disabled, which is a risky combination.",Investigate the scheduled task's purpose and verify if Defender should be disabled.,5.693,0,TRUE,TRUE,
R005,NORMAL_014,NORMAL,Normal low-risk desktop session with no security-relevant action,normal,normal,TRUE,TN,,low,low,TRUE,0.0,defender_disabled; firewall_configuration_changed,normal_app_activity,SEC_003; SEC_004; AUTH_005,18; 14; 11,"Defender real-time protection is disabled, which is a high-risk action, but no additional risky activities are observed.",Check if Defender is disabled for a legitimate reason and ensure real-time protection is enabled for security.,5.558,0,TRUE,TRUE,
R006,SEC_017,SEC,Firewall settings viewed and left unchanged,normal,normal,TRUE,TN,,low,low,TRUE,0.0,private_network; no_additional_risky_activity; normal_network_activity,settings_viewed;no_security_change,NET_001; NORMAL_003; NET_002,16; 16; 8,The device is using a private network with normal activity and no risky signals.,No action required; this activity is within normal bounds.,4.988,0,TRUE,TRUE,
R007,PERSIST_012,PERSIST,Scheduled task created after controlled file download,abnormal,abnormal,TRUE,TP,,high,critical,FALSE,0.0,scheduled_task_change; defender_disabled,file_download;scheduled_task_created,SEC_003; PERSIST_002; SEC_004,17; 16; 14,"A scheduled task was modified without clear justification, and Defender real-time protection is disabled, both of which are high-risk indicators.",Investigate the scheduled task and check why Defender is disabled. Ensure real-time protection is enabled.,5.547,0,TRUE,TRUE,
R008,USB_016,USB,Authorised USB used to view a normal text file only,normal,normal,TRUE,TN,,low,low,TRUE,0.0,private_network; no_additional_risky_activity,authorised_usb;usb_files_viewed,NET_001; NORMAL_003; USB_002,16; 16; 9,The device is using a private network with no risky co-signal.,No action required; normal network activity.,4.988,0,TRUE,TRUE,
R009,NET_015,NET,Private network used for normal browsing activity,normal,normal,TRUE,TN,,low,low,TRUE,0.5,private_network; normal_app_activity; no_additional_risky_activity,private_network;browser_activity,NET_001; NORMAL_003; NORMAL_001,17; 17; 11,The device is using a private network and running standard applications without any risky activity.,No action required; this activity is within normal operational bounds.,5.017,0,TRUE,TRUE,
R010,NORMAL_012,NORMAL,Normal opening and closing of common applications,normal,normal,TRUE,TN,,low,low,TRUE,0.0,private_network; no_additional_risky_activity; normal_network_activity,normal_app_activity,NET_001; NORMAL_003; NET_002,16; 16; 8,The device is using a private network with normal browsing activity and no signs of malicious behavior.,No action required; this activity is within expected baseline behavior.,5.247,0,TRUE,TRUE,
R011,PROC_005,PROC,PowerShell used to list local processes,normal,abnormal,FALSE,FN,,low,medium,FALSE,0.0,basic_command_use; no_additional_risky_activity,powershell_activity;process_enumeration,PROC_001; SEC_003; PROC_005,20; 20; 18,PowerShell and terminal were opened but only used for basic process listing with no scripts or security changes.,No action needed; basic command-line use is normal for administration.,5.568,0,TRUE,TRUE,
R012,SEC_003,SEC,Firewall settings viewed with no changes,normal,normal,TRUE,TN,,low,low,TRUE,0.0,private_network; no_additional_risky_activity; basic_command_use,settings_viewed;no_security_change,NET_001; NORMAL_003; PROC_001,16; 16; 15,The device is using a private network and running basic command-line tools like cmd.exe and powershell.exe without any suspicious activity or risky signals.,No action required; this is normal activity.,5.459,0,TRUE,TRUE,
R013,SEC_015,SEC,Windows Security opened and viewed without making changes,normal,normal,TRUE,TN,,low,low,TRUE,0.0,private_network; no_additional_risky_activity; security_history_viewed,settings_viewed,NET_001; NORMAL_003; SEC_001,18; 18; 17,"User viewed Windows Security interface without changing settings, and network activity is normal on a private profile.",No action required; this is normal behavior.,5.131,0,TRUE,TRUE,
R014,PERSIST_004,PERSIST,Startup apps viewed only,normal,normal,TRUE,TN,,low,low,TRUE,0.0,settings_viewed; private_network,startup_items_viewed;no_persistence_change,PERSIST_004; NET_001; NORMAL_004,18; 17; 17,A settings interface was viewed on a private network with no configuration changes or risky activity.,No action required; this is normal user activity.,5.237,0,TRUE,TRUE,
R015,AUTH_006,AUTH,Repeated failed login attempts in short time,abnormal,abnormal,TRUE,TP,,high,medium,FALSE,1.0,high_failed_login_count; repeated_failed_logins,repeated_failed_logins,AUTH_004; NORMAL_003; AUTH_003,24; 20; 17,"The device experienced a high number of failed login attempts, which is a strong indicator of automated guessing attempts.",Investigate the failed login attempts and ensure account credentials are secure.,5.55,0,TRUE,TRUE,
R016,SEC_014,SEC,Multiple security control changes performed and restored,abnormal,abnormal,TRUE,TP,,high,high,TRUE,0.667,defender_disabled; defender_configuration_changed,defender_configuration_changed;defender_disabled;security_setting_restored,SEC_003; PERSIST_005; SEC_004,22; 15; 15,"Microsoft Defender real-time protection is disabled, which removes a key defense layer and is a high-risk security action.",Enable real-time protection in Microsoft Defender and review system changes for potential security threats.,5.387,0,TRUE,TRUE,
R017,SEC_016,SEC,Defender status viewed and left enabled,normal,normal,TRUE,TN,,low,low,TRUE,0.0,private_network; no_additional_risky_activity; basic_command_use,settings_viewed;defender_enabled,NET_001; NORMAL_003; PROC_001,16; 16; 9,"The device is using a private network with no risky co-signal, and basic command-line tools are being used normally.",No action required; this activity is within normal operational bounds.,5.051,0,TRUE,TRUE,
R018,SEC_005,SEC,Defender real-time protection temporarily disabled and restored,abnormal,abnormal,TRUE,TP,,high,high,TRUE,0.5,defender_disabled; defender_configuration_changed,defender_disabled;security_setting_restored,SEC_003; PROC_005; AUTH_005,31; 19; 18,"Microsoft Defender real-time protection is disabled, which removes a key defense layer and is a high-risk security action.",Enable real-time protection in Microsoft Defender and review system activity for any suspicious behavior.,5.412,0,TRUE,TRUE,
R019,USB_002,USB,Authorised USB inserted and folder viewed,normal,normal,TRUE,TN,,low,low,TRUE,0.0,private_network; no_additional_risky_activity,authorised_usb;usb_files_viewed,NET_001; NORMAL_003; USB_002,16; 16; 9,The device is using a private network with no risky co-signal.,No action required; normal private network use.,4.785,0,TRUE,TRUE,
R020,AUTH_015,AUTH,Successful login with no failed attempts,normal,normal,TRUE,TN,,low,low,TRUE,0.0,private_network; no_additional_risky_activity; basic_command_use,successful_login,NET_001; NORMAL_003; PROC_001,16; 16; 9,"The device is using a private network with no risky co-signal, and basic command-line tools are being used without any suspicious activity.",No action required; this activity is within normal operational bounds.,5.398,0,TRUE,TRUE,
R021,NET_004,NET,Wi-Fi or network settings viewed without changes,normal,normal,TRUE,TN,,low,low,TRUE,0.0,private_network; no_additional_risky_activity; normal_network_activity,network_profile_viewed;settings_viewed,NET_001; NORMAL_003; NET_002,17; 16; 8,The device is using a private network with normal activity and no risky signals.,No action required; this is normal network activity.,5.047,0,TRUE,TRUE,
R022,PROC_007,PROC,PowerShell script run from local test folder,normal,abnormal,FALSE,FN,,medium,high,FALSE,1.0,script_execution; powershell_activity,script_execution,PROC_003; PROC_001; NET_001,28; 22; 19,"A PowerShell script was executed, but it's part of a sanctioned process with no other risky signals.",Verify the script's origin and ensure it's part of a sanctioned process.,5.646,0,TRUE,TRUE,
R023,PROC_003,PROC,Windows Terminal opened for normal command use,normal,normal,TRUE,TN,,low,low,TRUE,0.0,private_network; normal_network_activity; no_additional_risky_activity,terminal_activity;basic_command_use,NET_001; NORMAL_003; PROC_001,17; 17; 15,The device is using a private network with normal activity and no additional risky signals.,No action required; this activity is within normal operational bounds.,5.131,0,TRUE,TRUE,
R024,PROC_010,PROC,Nmap scan run against local authorised test target,abnormal,abnormal,TRUE,TP,,high,high,TRUE,0.333,nmap_activity; local_network_scan,network_scanner_activity;network_scan;authorised_local_target,PROC_001; NET_001; NORMAL_003,19; 18; 18,"The user executed nmap scans on the local network, which is a sign of potential network reconnaissance.",Investigate the nmap scan activity and check for unauthorized network access attempts.,5.677,0,TRUE,TRUE,
R025,PERSIST_016,PERSIST,Services list opened and viewed without changing service settings,normal,normal,TRUE,TN,,low,low,TRUE,0.0,private_network; no_additional_risky_activity; normal_network_activity,services_viewed;no_persistence_change,NET_001; NORMAL_003; NET_002,16; 16; 8,The device is using a private network with normal activity and no risky signals.,No action required; this is normal network activity.,4.751,0,TRUE,TRUE,
R026,AUTH_008,AUTH,Repeated failed logins followed by successful normal use,abnormal,abnormal,TRUE,TP,,high,high,TRUE,0.5,repeated_failed_logins; public_network,repeated_failed_logins;successful_login,AUTH_003; NORMAL_003; AUTH_004,22; 19; 16,Multiple failed login attempts combined with a public network profile indicate potential automated attack activity.,Investigate the failed login attempts and network configuration for security breaches.,5.543,0,TRUE,TRUE,
R027,SEC_008,SEC,Defender disabled while browser is open,abnormal,abnormal,TRUE,TP,,high,high,TRUE,0.5,defender_disabled; defender_change,defender_disabled;browser_activity,SEC_003; AUTH_005; NORMAL_003,24; 19; 19,"Microsoft Defender real-time protection is disabled, which removes a key defense layer and is a high-risk security action.",Enable real-time protection in Microsoft Defender and review system security settings.,5.52,0,TRUE,TRUE,
R028,AUTH_005,AUTH,Multiple failed login attempts,abnormal,abnormal,TRUE,TP,,high,medium,FALSE,0.0,high_failed_login_count; rapid_activity_window,repeated_failed_logins,AUTH_004; NORMAL_003; AUTH_003,27; 23; 19,"The device experienced a high number of failed login attempts within a short time frame, which is indicative of automated guessing attempts.",Investigate the failed login attempts and ensure account credentials are secure.,4.931,0,TRUE,TRUE,
R029,USB_007,USB,USB contains executable or script file visible,normal,abnormal,FALSE,FN,,low,medium,FALSE,0.0,private_network; no_additional_risky_activity,usb_connected;usb_script_or_executable_present;no_file_execution,NET_001; NORMAL_003; USB_004,16; 16; 14,The device is using a private network with no risky co-signal.,No action required; normal network activity detected.,4.849,0,TRUE,TRUE,
R030,USB_012,USB,USB activity while Defender protection is disabled,abnormal,abnormal,TRUE,TP,,high,critical,FALSE,0.5,defender_disabled; usb_connection_count,usb_connected;defender_disabled,SEC_003; USB_005; AUTH_005,23; 19; 16,"Microsoft Defender real-time protection is disabled, which removes a key defense layer. Additionally, there is one USB connection detected.",Enable real-time protection in Defender and monitor USB activity for suspicious behavior.,5.344,0,TRUE,TRUE,
R031,AUTH_017,AUTH,Normal session after successful login with no authentication errors,normal,normal,TRUE,TN,,low,low,TRUE,0.0,private_network; no_additional_risky_activity; basic_command_use,successful_login;normal_app_activity,NET_001; NORMAL_003; PROC_001,16; 16; 9,The device is using a private network with normal activity and no suspicious commands or processes.,No action required; this activity is within normal baseline behavior.,4.859,0,TRUE,TRUE,
R032,PERSIST_015,PERSIST,Task Scheduler opened and existing tasks viewed only,normal,normal,TRUE,TN,,low,low,TRUE,0.0,private_network; no_additional_risky_activity,task_scheduler_viewed;no_persistence_change,NET_001; NORMAL_003; NET_002,16; 16; 8,The device is using a private network with no suspicious activity detected.,No action required; normal network activity is expected.,4.51,0,TRUE,TRUE,
R033,USB_004,USB,Single USB use during normal work,normal,normal,TRUE,TN,,low,low,TRUE,0.0,private_network; no_additional_risky_activity; basic_command_use,authorised_usb;normal_app_activity,NET_001; NORMAL_003; PROC_001,16; 16; 9,The device is using a private network with normal command-line activity and no suspicious processes.,No action required; this activity is within normal operational bounds.,5.052,0,TRUE,TRUE,
R034,NET_014,NET,Public network profile combined with failed logins and scanner activity,abnormal,abnormal,TRUE,TP,,medium,critical,FALSE,0.667,failed_login_activity; public_network,public_network;failed_login;network_scanner_activity,AUTH_005; AUTH_002; NET_002,28; 19; 19,Failed login attempts combined with a public network profile indicate potential unauthorized access attempts.,Investigate the failed login attempts and ensure network security measures are in place.,5.242,0,TRUE,TRUE,
R035,PERSIST_001,PERSIST,Task Scheduler opened with no changes,normal,normal,TRUE,TN,,low,low,TRUE,0.5,private_network; no_additional_risky_activity; task_scheduler_viewed,task_scheduler_viewed;no_persistence_change,NET_001; NORMAL_003; PERSIST_001,18; 17; 16,The device is using a private network and viewed Task Scheduler without any changes or risky activities.,No action required; this activity is normal and poses no risk.,5.175,0,TRUE,TRUE,
R036,USB_005,USB,Unknown USB inserted with no file opened,abnormal,abnormal,TRUE,TP,,high,medium,FALSE,0.0,defender_disabled; usb_connection,unknown_usb;no_file_execution,SEC_003; USB_005; SEC_004,20; 14; 13,"Defender real-time protection is disabled, which removes a key defense layer, and there is a USB connection, increasing the risk of unauthorized data transfer or malware execution.",Enable Microsoft Defender real-time protection and investigate the USB connection for potential security threats.,5.281,0,TRUE,TRUE,
R037,USB_015,USB,Authorised USB inserted and removed without opening files,normal,normal,TRUE,TN,,low,low,TRUE,0.0,private_network; no_additional_risky_activity,authorised_usb;cleanup_activity,NET_001; NORMAL_003; USB_001,16; 16; 10,The device is using a private network with no risky co-signal.,No action required; normal activity detected.,4.933,0,TRUE,TRUE,
R038,NORMAL_015,NORMAL,Normal browsing of trusted websites with no downloads or security changes,normal,normal,TRUE,TN,,low,low,TRUE,0.0,private_network; no_additional_risky_activity; normal_network_activity,browser_activity,NORMAL_003; NET_001; NET_002,17; 16; 9,The device is using a private network with normal browsing activity and no other risky signals.,No action required; this activity is normal.,5.528,0,TRUE,TRUE,
R039,NORMAL_002,NORMAL,Normal browser activity,normal,normal,TRUE,TN,,low,low,TRUE,0.0,private_network; normal_network_activity; no_additional_risky_activity,browser_activity,NET_001; NORMAL_003; PROC_001,16; 16; 9,The device is using a private network with normal activity and no additional risky signals.,No action required; this activity is within normal baseline behavior.,4.782,0,TRUE,TRUE,
R040,NET_006,NET,Public network activity with controlled browser download,normal,abnormal,FALSE,FN,,low,medium,FALSE,1.0,public_network; file_downloaded,public_network;file_download,SEC_003; AUTH_005; NET_002,19; 18; 18,"The device is connected to a public network and a file was downloaded, but no other risky indicators are present.",Ensure the downloaded file is from a trusted source and consider enabling real-time protection if not already active.,5.514,0,TRUE,TRUE,
R041,NET_008,NET,Public network activity combined with failed login activity,abnormal,abnormal,TRUE,TP,,medium,high,FALSE,1.0,failed_login_activity; public_network,public_network;failed_login,AUTH_005; NET_002; NORMAL_003,17; 17; 16,"The device has a public network profile combined with failed login attempts, which may indicate unauthorized access attempts.",Investigate the failed login attempts and ensure network security measures are in place.,5.296,0,TRUE,TRUE,
R042,NET_007,NET,Public network activity while PowerShell is open,normal,abnormal,FALSE,FN,,low,high,FALSE,0.0,failed_login; no_additional_risky_activity,public_network;powershell_activity,AUTH_002; AUTH_005; NET_002,22; 22; 19,A single failed login attempt on a public network without other risky activities is typically due to user error and poses low risk.,No action required. Monitor for additional suspicious activity.,5.748,0,TRUE,TRUE,
R043,NORMAL_018,NORMAL,"Normal switching between browser, Word, and File Explorer",normal,normal,TRUE,TN,,low,low,TRUE,0.0,private_network; no_additional_risky_activity; basic_command_use,browser_activity;document_activity;file_browsing;normal_app_activity,NET_001; NORMAL_003; PROC_001,17; 17; 15,The device is using a private network and running basic PowerShell commands without any additional risky activity.,No action required; this activity is considered normal.,5.199,0,TRUE,TRUE,
R044,NORMAL_017,NORMAL,Normal Notepad text editing with no command-line or security activity,normal,normal,TRUE,TN,,low,low,TRUE,0.0,private_network; no_additional_risky_activity; basic_command_use,document_activity,NET_001; NORMAL_003; PROC_001,16; 16; 9,"The device is using a private network with no risky co-signal, and basic command-line tools are being used without any suspicious activity.",No action required; this activity is within normal operational bounds.,5.005,0,TRUE,TRUE,
R045,NET_002,NET,Public network normal browsing session,normal,normal,TRUE,TN,,low,low,TRUE,0.0,private_network; no_additional_risky_activity; normal_network_activity,public_network;browser_activity,NET_001; NORMAL_003; NET_002,16; 16; 8,The device is using a private network with normal browsing activity and no other risky signals.,No action required; this activity is within normal baseline behavior.,5.117,0,TRUE,TRUE,
R046,NET_005,NET,Public network profile detected,normal,normal,TRUE,TN,,low,low,TRUE,1.0,public_network; no_additional_risky_activity,public_network;no_additional_risky_activity,AUTH_005; NET_002; SEC_003,18; 18; 18,The device is connected to a public network but shows no other risky activity.,Monitor for additional risk signals.,4.684,0,TRUE,TRUE,
R047,NET_009,NET,Network scanner opened or version checked,normal,abnormal,FALSE,FN,,low,medium,FALSE,0.0,private_network; no_additional_risky_activity; basic_command_use,network_scanner_activity,PROC_001; NET_004; NET_001,21; 18; 17,The device is operating on a private network with basic command-line use and no signs of malicious activity.,No action required; this activity is within normal operational bounds.,5.619,0,TRUE,TRUE,
R048,AUTH_002,AUTH,Two failed login attempts followed by normal use,abnormal,normal,FALSE,FP,,medium,low,FALSE,0.5,repeated_failed_logins; public_network,repeated_failed_logins;successful_login,AUTH_003; NORMAL_003; AUTH_004,22; 20; 17,"Multiple failed login attempts on a private network may indicate a brute-force attack, but since the network is private, the risk is medium.",Investigate the failed login attempts and ensure account credentials are secure.,5.239,0,TRUE,TRUE,
R049,PROC_004,PROC,VS Code terminal used for normal development activity,normal,normal,TRUE,TN,,low,low,TRUE,0.0,private_network; no_additional_risky_activity; basic_command_use,development_activity,NET_001; NORMAL_003; PROC_001,16; 16; 9,The device is using a private network with normal command-line activity and no signs of malicious behavior.,No action required; this activity is within normal operational bounds.,4.904,0,TRUE,TRUE,
R050,AUTH_003,AUTH,Failed login activity on private network,abnormal,normal,FALSE,FP,,high,low,FALSE,0.5,repeated_failed_logins; public_network,failed_login;private_network,AUTH_003; NORMAL_003; AUTH_004,22; 19; 16,Multiple failed login attempts on a private network may indicate automated guessing attempts.,Investigate the failed login attempts and check for potential brute force attacks.,4.632,0,TRUE,TRUE,
R051,SEC_010,SEC,Defender disabled while PowerShell is open,abnormal,abnormal,TRUE,TP,,high,high,TRUE,0.5,defender_disabled; risky_processes,defender_disabled;powershell_activity,SEC_003; PROC_005; USB_005,26; 22; 21,"Microsoft Defender real-time protection is disabled, which removes a key defense layer, and risky processes like PowerShell are running.",Enable real-time protection and monitor PowerShell activity for suspicious commands.,5.522,0,TRUE,TRUE,
R052,NORMAL_004,NORMAL,Normal Teams activity,normal,normal,TRUE,TN,,low,low,TRUE,0.0,defender_disabled; defender_config_changed,communication_app_activity;normal_app_activity,SEC_003; SEC_004; PROC_005,21; 14; 12,"Defender real-time protection is disabled, but no additional risky activity is detected.",Check if Defender is disabled for a legitimate reason and ensure real-time protection is enabled for better security.,5.238,0,TRUE,TRUE,
R053,PERSIST_011,PERSIST,Scheduled task created while PowerShell is open,abnormal,abnormal,TRUE,TP,,high,high,TRUE,0.0,scheduled_task_change; defender_disabled,scheduled_task_created;powershell_activity,PERSIST_002; SEC_003; SEC_004,17; 17; 15,"A scheduled task was modified without clear justification, and Microsoft Defender real-time protection is disabled, both of which are high-risk indicators.","Investigate the scheduled task modification and check why Defender is disabled. Ensure real-time protection is enabled unless there's a documented, legitimate reason for it being off.",5.665,0,TRUE,TRUE,
R054,SEC_006,SEC,Defender setting changed temporarily and restored,abnormal,abnormal,TRUE,TP,,high,medium,FALSE,0.0,defender_config_changed; defender_disabled,defender_configuration_changed;security_setting_restored,SEC_003; SEC_002; SEC_004,22; 19; 19,"Defender real-time protection is disabled, which removes a key defense layer and is a high-risk security action.",Check if Defender was disabled intentionally and ensure real-time protection is enabled.,5.432,0,TRUE,TRUE,
R055,USB_011,USB,USB activity while PowerShell is open,normal,abnormal,FALSE,FN,,low,high,FALSE,0.0,normal_app_activity; no_additional_risky_activity,usb_connected;powershell_activity,SEC_003; USB_005; NORMAL_001,20; 18; 16,Standard applications like Notepad and Windows Terminal are open with no additional risky signals.,No action required; this activity is within normal operational bounds.,5.435,0,TRUE,TRUE,
R056,PROC_002,PROC,CMD opened for normal command use,normal,normal,TRUE,TN,,low,low,TRUE,0.0,private_network; normal_network_activity; no_additional_risky_activity,cmd_activity;basic_command_use,NET_001; NORMAL_003; PROC_001,17; 17; 15,The device is using a private network with normal browsing activity and no additional risky signals.,No action required; this activity is within normal operational bounds.,5.245,0,TRUE,TRUE,
R057,NORMAL_010,NORMAL,Normal cloud folder or local folder browsing,normal,normal,TRUE,TN,,low,low,TRUE,0.0,private_network; no_additional_risky_activity,file_browsing,NET_001; NORMAL_003; NET_002,16; 16; 8,"The device is using a private network with no risky co-signal, indicating normal activity.",No action required; this is normal network usage.,4.923,0,TRUE,TRUE,
R058,PERSIST_007,PERSIST,Harmless scheduled task deleted after test,normal,abnormal,FALSE,FN,,low,medium,FALSE,1.0,scheduled_task_deleted; cleanup_activity; no_persistence_change; no_additional_risky_activity,scheduled_task_deleted,PERSIST_003; NET_001; NORMAL_003,17; 16; 16,"A harmless test task was deleted as part of cleanup activity, which is normal maintenance.",No action required; this is normal system maintenance.,5.599,0,TRUE,TRUE,
R059,NORMAL_003,NORMAL,Normal VS Code activity,normal,normal,TRUE,TN,,low,low,TRUE,0.0,private_network; no_additional_risky_activity; normal_network_activity,development_activity,NET_001; NORMAL_003; NET_002,16; 16; 8,The device is using a private network with normal activity and no risky signals.,No action required; this activity is within normal bounds.,4.871,0,TRUE,TRUE,
R060,NET_012,NET,Network scanner activity while on public network profile,abnormal,abnormal,TRUE,TP,,high,high,TRUE,0.5,public_network; risky_processes,public_network;network_scanner_activity,AUTH_005; NET_002; SEC_003,17; 17; 16,A public network profile combined with the presence of nmap.exe indicates potential network scanning activity.,Investigate the presence of nmap.exe and network scanning activity on the public network.,4.901,0,TRUE,TRUE,
R061,AUTH_001,AUTH,One failed login attempt followed by normal use,normal,normal,TRUE,TN,,low,low,TRUE,0.5,failed_login; no_additional_risky_activity,failed_login;successful_login,AUTH_002; NORMAL_003; AUTH_004,20; 19; 17,A single failed login attempt followed by no other risky activity is likely a user error.,No action required; monitor for additional suspicious activity.,5.315,0,TRUE,TRUE,
R062,NORMAL_009,NORMAL,Normal settings viewing without making changes,normal,normal,TRUE,TN,,low,low,TRUE,0.0,private_network; no_additional_risky_activity; normal_network_activity,settings_viewed,NET_001; NORMAL_003; NET_002,16; 16; 8,The device is using a private network with normal browsing activity and no other risky signals.,No action required; this activity is within normal baseline behavior.,4.877,0,TRUE,TRUE,
R063,PERSIST_008,PERSIST,Harmless startup shortcut added for test,normal,abnormal,FALSE,FN,,low,medium,FALSE,1.0,startup_item_added; private_network,startup_item_added,PERSIST_004; NET_001; NORMAL_003,23; 16; 16,"A harmless startup item was added as part of normal configuration, and the device is using a private network.",No action required; this activity is within normal operational bounds.,5.047,0,TRUE,TRUE,
R064,PROC_008,PROC,PowerShell unusual or encoded-looking command used in controlled test,abnormal,abnormal,TRUE,TP,,high,high,TRUE,0.0,unusual_powershell_command; suspicious_process_context,suspicious_command_pattern,PROC_001; NET_001; NORMAL_003,22; 17; 17,"The activity shows an unusual PowerShell command and suspicious process context, which could indicate potential security threats.",Investigate the unusual PowerShell command and check for any malicious activity.,5.009,0,TRUE,TRUE,
R065,NET_013,NET,Public network profile combined with Defender disabled,abnormal,abnormal,TRUE,TP,,high,critical,FALSE,1.0,defender_disabled; public_network,public_network;defender_disabled,AUTH_005; SEC_003; NET_002,21; 21; 16,"Defender real-time protection is disabled, and the device is connected to a public network, both of which are high-risk indicators.",Enable Defender real-time protection and ensure the device is connected to a private network.,5.474,0,TRUE,TRUE,
R066,AUTH_007,AUTH,High number of failed login attempts,abnormal,abnormal,TRUE,TP,,high,high,TRUE,0.0,repeated_failed_logins; public_network,high_failed_login_count,AUTH_003; NORMAL_003; AUTH_004,20; 18; 15,"Multiple failed login attempts on a private network may indicate automated guessing attempts, which is a strong abnormal authentication signal.",Investigate the failed login attempts and check for potential brute force attacks.,4.954,0,TRUE,TRUE,
R067,AUTH_009,AUTH,Failed login activity while PowerShell is open,abnormal,abnormal,TRUE,TP,,medium,high,FALSE,0.5,repeated_failed_logins; risky_processes,failed_login;powershell_activity,AUTH_003; NORMAL_003; NORMAL_001,23; 20; 18,Multiple failed login attempts combined with processes like powershell.exe and windowsterminal.exe which are flagged as risky indicate potential unauthorized access attempts.,Investigate the failed login attempts and monitor the risky processes for suspicious activity.,5.499,0,TRUE,TRUE,
R068,NORMAL_001,NORMAL,Normal Word document activity,normal,normal,TRUE,TN,,low,low,TRUE,0.0,private_network; no_additional_risky_activity; normal_network_activity,document_activity,NORMAL_003; NET_001; NET_002,17; 16; 9,"The device is using a private network with no risky co-signal, which is normal activity.",No action required; this is normal private network browsing.,4.829,0,TRUE,TRUE,
R069,PROC_012,PROC,Script run after controlled file download,abnormal,abnormal,TRUE,TP,,high,critical,FALSE,0.0,defender_realtime_protection_disabled; private_network; risky_process_execution,file_download;script_execution,NORMAL_003; SEC_003; NET_001,18; 17; 16,"Microsoft Defender real-time protection is disabled, which removes a key defense layer, and PowerShell is being executed, which can be risky if not properly controlled.",Enable Microsoft Defender real-time protection and monitor PowerShell activity for suspicious behavior.,5.842,0,TRUE,TRUE,
R070,PERSIST_010,PERSIST,Test service start type viewed or changed in controlled test,abnormal,abnormal,TRUE,TP,,high,high,TRUE,0.0,defender_disabled; service_change,service_configuration_changed,SEC_003; PERSIST_005; SEC_004,22; 20; 15,"Defender real-time protection is disabled and a service change was detected, which combined indicates a high-risk security action.",Check if the service change was authorized and ensure Defender real-time protection is enabled.,5.524,0,TRUE,TRUE,
R071,AUTH_004,AUTH,Minor authentication mistake during normal session,abnormal,normal,FALSE,FP,,high,low,FALSE,0.333,defender_disabled; failed_login_activity,failed_login;successful_login;normal_app_activity,SEC_003; AUTH_005; AUTH_002,23; 22; 20,"Defender real-time protection is disabled, which removes a key defense layer, and there is failed login activity, indicating potential unauthorized access attempts.",Enable Microsoft Defender real-time protection and investigate the failed login attempts for possible unauthorized access.,5.575,0,TRUE,TRUE,
R072,SEC_004,SEC,Security history viewed with no changes,normal,normal,TRUE,TN,,low,low,TRUE,0.0,private_network; no_additional_risky_activity; normal_network_activity,security_history_viewed;settings_viewed,NET_001; NORMAL_003; NET_002,16; 16; 8,The device is using a private network with normal activity and no risky signals.,No action required; this activity is within normal bounds.,4.924,0,TRUE,TRUE,
R073,AUTH_011,AUTH,Failed login activity while connected to public network,abnormal,abnormal,TRUE,TP,,medium,high,FALSE,1.0,failed_login_activity; public_network,failed_login;public_network,AUTH_005; NET_002; NORMAL_003,16; 16; 15,"The device has failed login attempts and is connected to a public network, which together indicate a potential security risk.",Investigate the failed login attempts and ensure the network connection is secure.,5.323,0,TRUE,TRUE,
R074,NORMAL_005,NORMAL,Normal file browsing in Documents,normal,normal,TRUE,TN,,low,low,TRUE,0.0,private_network; no_additional_risky_activity; normal_network_activity,file_browsing,NET_001; NORMAL_003; NET_002,16; 16; 8,The device is using a private network with normal activity and no risky signals.,No action required; this activity is within normal bounds.,4.83,0,TRUE,TRUE,
R075,NET_017,NET,Normal browsing on private network with no downloads or scanning,normal,normal,TRUE,TN,,low,low,TRUE,0.5,private_network; no_additional_risky_activity; normal_network_activity,private_network;browser_activity,NET_001; NORMAL_003; NET_002,16; 16; 8,The device is using a private network with normal browsing activity and no risky signals detected.,No action required; this activity is within normal operational bounds.,4.708,0,TRUE,TRUE,
R076,PERSIST_002,PERSIST,Existing scheduled tasks viewed only,normal,normal,TRUE,TN,,low,low,TRUE,0.5,private_network; no_additional_risky_activity; task_scheduler_viewed,task_scheduler_viewed;no_persistence_change,NET_001; NORMAL_003; PERSIST_001,18; 17; 16,The device is using a private network and viewed Task Scheduler without any changes or risky activities.,No action required; this activity is normal and poses no risk.,5.028,0,TRUE,TRUE,
R077,AUTH_012,AUTH,High failed login count in a short time window,abnormal,abnormal,TRUE,TP,,high,high,TRUE,0.5,failed_login_activity; high_failed_login_count_band,high_failed_login_count;rapid_activity_window,NORMAL_003; NET_001; AUTH_004,19; 17; 16,"The device experienced a high number of failed login attempts, which is a strong indicator of potential automated guessing attacks.",Investigate the failed login attempts and check for any signs of brute force attacks.,5.084,0,TRUE,TRUE,
R078,NET_010,NET,Network scan run against local authorised test target,abnormal,abnormal,TRUE,TP,,high,high,TRUE,0.5,network_scan; scanner_tool,network_scan;authorised_local_target,NET_004; PROC_001; NET_001,20; 19; 18,"A network scan was executed against a local target using the nmap tool, which is a confirmed risky action.",Investigate the network scan activity and check for unauthorized access attempts.,5.614,0,TRUE,TRUE,
R079,USB_017,USB,Authorised USB used to copy a harmless document file,normal,normal,TRUE,TN,,low,low,TRUE,0.0,private_network; no_additional_risky_activity; basic_command_use,authorised_usb;usb_file_copied,NET_001; NORMAL_003; PROC_001,16; 16; 9,"The device is using a private network with no risky co-signal, and basic command-line tools are being used without any suspicious activity.",No action required; this activity is within normal operational bounds.,5.008,0,TRUE,TRUE,
R080,PERSIST_013,PERSIST,Startup item added while Defender is disabled,abnormal,abnormal,TRUE,TP,,high,high,TRUE,1.0,startup_item_added; defender_disabled,defender_disabled;startup_item_added,PERSIST_004; SEC_003; PERSIST_005,21; 17; 13,"A startup item was added and Defender real-time protection is disabled, which combined indicates a higher risk.",Check if the startup item is legitimate and ensure Defender is enabled to maintain system security.,5.247,0,TRUE,TRUE,
R081,AUTH_014,AUTH,Failed login activity combined with suspicious process activity,abnormal,abnormal,TRUE,TP,,high,critical,FALSE,0.5,defender_disabled; failed_login_activity,failed_login;suspicious_command_pattern,SEC_003; AUTH_005; AUTH_002,25; 23; 22,"Defender real-time protection is disabled, which is a high-risk security action, and there is failed login activity.",Enable Microsoft Defender real-time protection and investigate the failed login attempts.,4.965,0,TRUE,TRUE,
R082,PERSIST_009,PERSIST,Harmless startup shortcut removed after test,normal,normal,TRUE,TN,,low,low,TRUE,1.0,startup_item_removed; cleanup_activity,startup_item_removed;cleanup_activity,PERSIST_004; NORMAL_004; NET_001,23; 17; 16,"A harmless startup item was removed during cleanup, which is a normal maintenance action.",No action required; this is a normal cleanup activity.,5.016,0,TRUE,TRUE,
R083,USB_013,USB,USB activity with compressed archive accessed,abnormal,abnormal,TRUE,TP,,high,high,TRUE,0.5,usb_archive_accessed; unknown_usb,usb_connected;usb_archive_accessed,SEC_003; USB_002; USB_003,18; 18; 16,"An unknown USB device was connected and a compressed archive was accessed, which could conceal malicious content.",Investigate the USB device and archive content for potential threats.,5.253,0,TRUE,TRUE,
R084,USB_008,USB,USB executable or script accessed in controlled test,normal,abnormal,FALSE,FN,,low,high,FALSE,0.0,private_network; normal_network_activity; no_additional_risky_activity,usb_connected;usb_script_or_executable_accessed,NET_001; NORMAL_003; PROC_001,17; 17; 16,The device is using a private network with normal activity and no additional risky signals.,No action required; this activity is within normal operational bounds.,5.136,0,TRUE,TRUE,
R085,PROC_009,PROC,Nmap opened or version checked,normal,abnormal,FALSE,FN,,low,medium,FALSE,1.0,network_scanner_activity; no_additional_risky_activity,network_scanner_activity,PROC_001; NET_004; NET_001,19; 18; 17,"The user checked the version of a network scanner (nmap) without executing a scan, which is considered normal behavior.",No action required; this is normal activity.,5.307,0,TRUE,TRUE,
R086,PROC_016,PROC,CMD opened and used for a basic directory listing,normal,normal,TRUE,TN,,low,low,TRUE,0.0,private_network; normal_network_activity; no_additional_risky_activity,cmd_activity;file_browsing,NET_001; NORMAL_003; PROC_001,17; 17; 15,The device is using a private network with normal activity and no additional risky signals.,No action required; this activity is within normal bounds.,5.018,0,TRUE,TRUE,
R087,SEC_007,SEC,Firewall setting changed temporarily and restored,abnormal,abnormal,TRUE,TP,,high,high,TRUE,0.0,defender_disabled; defender_config_changed,firewall_configuration_changed;security_setting_restored,SEC_003; AUTH_005; NORMAL_003,25; 20; 20,"Microsoft Defender real-time protection is disabled, which removes a key defense layer and is a high-risk security action.",Enable real-time protection in Microsoft Defender and review system security settings.,5.124,0,TRUE,TRUE,
R088,USB_014,USB,USB activity combined with suspicious process activity,abnormal,abnormal,TRUE,TP,,high,high,TRUE,0.0,defender_disabled; suspicious_process_context; usb_content_type,usb_connected;suspicious_command_pattern,PROC_001; SEC_003; USB_005,21; 20; 19,"Defender real-time protection is disabled, and PowerShell with USB activity is detected, which is a high-risk combination.",Enable Defender real-time protection and investigate the PowerShell activity with USB.,5.62,0,TRUE,TRUE,
R089,SEC_009,SEC,Defender disabled before controlled download,abnormal,abnormal,TRUE,TP,,high,critical,FALSE,0.5,defender_disabled; defender_config_changed,defender_disabled;file_download,SEC_003; AUTH_005; NORMAL_003,25; 19; 19,"Microsoft Defender real-time protection is disabled, which removes a key defense layer and is a high-risk security action.",Enable real-time protection in Microsoft Defender and review the system for any unauthorized changes.,4.949,0,TRUE,TRUE,
R090,USB_009,USB,Multiple USB insertion events,normal,abnormal,FALSE,FN,,low,medium,FALSE,0.0,private_network; no_additional_risky_activity,multiple_usb_connections,NET_001; NORMAL_003; USB_001,16; 16; 10,The device is using a private network and there are no additional risky activities detected.,No action required; normal network activity on a private network.,4.733,0,TRUE,TRUE,
R091,PROC_011,PROC,Unknown executable from Downloads opened in controlled test,normal,abnormal,FALSE,FN,,low,high,FALSE,0.0,private_network; no_additional_risky_activity,executable_execution;unknown_executable,NORMAL_003; SEC_003; NET_001,17; 17; 15,The device is using a private network with no additional risky activities detected.,No action required; normal private network usage detected.,4.729,0,TRUE,TRUE,
R092,SEC_013,SEC,Defender disabled combined with suspicious process activity,abnormal,abnormal,TRUE,TP,,high,high,TRUE,0.5,defender_disabled; suspicious_process_context,powershell_activity;defender_disabled,SEC_003; PROC_005; NORMAL_001,21; 18; 17,"Microsoft Defender real-time protection is disabled, and there is suspicious process context indicating potential security risks.",Enable Microsoft Defender real-time protection and investigate the suspicious process activity.,5.226,0,TRUE,TRUE,
R093,NORMAL_013,NORMAL,Normal email or communication activity,normal,normal,TRUE,TN,,low,low,TRUE,0.0,private_network; no_additional_risky_activity; normal_network_activity,communication_app_activity,NET_001; NORMAL_003; NET_002,16; 16; 8,The device is using a private network with normal browsing activity and no other risky signals.,No action required; this activity is within normal bounds.,5.246,0,TRUE,TRUE,
R094,PERSIST_003,PERSIST,Services list viewed only,normal,normal,TRUE,TN,,low,low,TRUE,0.0,private_network; no_additional_risky_activity; normal_network_activity,services_viewed;no_persistence_change,NET_001; NORMAL_003; NET_002,16; 16; 8,The device is using a private network with normal activity and no risky signals.,No action required; this activity is within normal bounds.,4.564,0,TRUE,TRUE,
R095,PERSIST_006,PERSIST,Harmless scheduled task modified for test,abnormal,abnormal,TRUE,TP,,high,high,TRUE,0.0,scheduled_task_change; defender_disabled,scheduled_task_modified,SEC_003; PERSIST_002; PERSIST_003,18; 16; 16,"A scheduled task was modified without clear justification, and Defender real-time protection is disabled, both of which are high-risk indicators.",Investigate the scheduled task modification and check why Defender is disabled. Ensure real-time protection is enabled.,5.613,0,TRUE,TRUE,
R096,AUTH_016,AUTH,Normal lock and unlock using correct PIN or password,normal,normal,TRUE,TN,,low,low,TRUE,0.0,private_network; no_additional_risky_activity,screen_lock_activity;successful_login,NET_001; NORMAL_003; NET_002,16; 16; 8,The device is using a private network with no suspicious activity detected.,No action required; normal network activity is expected.,4.629,0,TRUE,TRUE,
R097,SEC_002,SEC,Defender status checked only,normal,normal,TRUE,TN,,low,low,TRUE,0.0,private_network; no_additional_risky_activity; normal_network_activity,settings_viewed;defender_enabled,NORMAL_003; NET_001; PROC_001,17; 16; 9,The device is using a private network and shows no signs of malicious activity or risky behavior.,No action required; this activity is within normal operational bounds.,5.114,0,TRUE,TRUE,
R098,PROC_006,PROC,CMD used to check network configuration,normal,abnormal,FALSE,FN,,low,medium,FALSE,0.0,benign_background_processes; verified_activity_context.command_activity,network_configuration_query,SEC_003; PROC_001; PROC_005,20; 15; 15,PowerShell and terminal use with basic commands is normal for development/administration.,No action needed; basic command-line use is typical and not risky.,5.256,0,TRUE,TRUE,
R099,PERSIST_017,PERSIST,Startup apps viewed without adding or removing startup items,normal,normal,TRUE,TN,,low,low,TRUE,0.0,private_network; no_additional_risky_activity,startup_items_viewed;no_persistence_change,NET_001; NORMAL_003; NET_002,16; 16; 8,The device is using a private network with no suspicious activity detected.,No action required; normal network activity is expected.,4.612,0,TRUE,TRUE,
R100,PROC_015,PROC,PowerShell opened and closed without running suspicious commands,normal,normal,TRUE,TN,,low,low,TRUE,0.5,private_network; normal_network_activity; no_additional_risky_activity,powershell_activity;no_additional_risky_activity,NET_001; NORMAL_003; PROC_001,17; 17; 16,The device is using a private network with normal activity and no additional risky signals.,No action required; this activity is within normal operational bounds.,5.174,0,TRUE,TRUE,
R101,SEC_011,SEC,Defender configuration changed,abnormal,abnormal,TRUE,TP,,high,high,TRUE,1.0,defender_disabled; defender_configuration_changed,defender_configuration_changed;defender_disabled,SEC_003; PERSIST_005; SEC_004,24; 17; 17,"Microsoft Defender real-time protection is disabled, which removes a key defense layer and is a high-risk security action.",Enable real-time protection in Defender and review system changes for potential security risks.,5.752,0,TRUE,TRUE,
R102,PROC_017,PROC,VS Code terminal used for normal development activity,normal,normal,TRUE,TN,,low,low,TRUE,0.0,private_network; no_additional_risky_activity; normal_network_activity,development_activity,NET_001; NORMAL_003; NET_002,16; 16; 8,The device is using a private network with normal browsing activity and no other risky signals.,No action required; this activity is within normal bounds.,5.054,0,TRUE,TRUE,
R103,NORMAL_007,NORMAL,Normal browser research with multiple tabs,normal,normal,TRUE,TN,,low,low,TRUE,0.0,private_network; no_additional_risky_activity; normal_network_activity,browser_activity,NET_001; NORMAL_003; NET_002,16; 16; 8,The device is using a private network with normal browsing activity and no other risky signals.,No action required; this activity is within normal bounds.,4.879,0,TRUE,TRUE,
R104,AUTH_013,AUTH,Failed login activity combined with USB activity,normal,abnormal,FALSE,FN,,low,high,FALSE,0.5,failed_login; no_additional_risky_activity,failed_login;usb_connected,AUTH_002; NORMAL_003; AUTH_004,20; 19; 17,A single failed login attempt followed by no other risky activity is typically due to user error and poses low risk.,No action required; monitor for additional suspicious activity.,4.991,0,TRUE,TRUE,
R105,PERSIST_014,PERSIST,Service or persistence-related change combined with suspicious process activity,abnormal,abnormal,TRUE,TP,,high,critical,FALSE,0.5,service_configuration_changed; defender_disabled,service_configuration_changed;suspicious_command_pattern,PERSIST_005; NORMAL_003; SEC_003,19; 18; 18,"A service configuration change occurred while Microsoft Defender real-time protection is disabled, indicating potential security risks.",Investigate the service change and check for unauthorized modifications. Ensure Defender is enabled to maintain system security.,5.559,0,TRUE,TRUE,
R106,USB_010,USB,USB activity after failed login activity,normal,abnormal,FALSE,FN,,low,high,FALSE,0.5,failed_login; no_additional_risky_activity,failed_login;usb_connected,AUTH_002; NORMAL_003; AUTH_004,20; 19; 17,A single failed login attempt on a private network without other risky activity is likely a user error.,No action required; monitor for additional suspicious activity.,4.96,0,TRUE,TRUE,
R107,NORMAL_011,NORMAL,Normal media or image viewing,normal,normal,TRUE,TN,,low,low,TRUE,0.0,private_network; no_additional_risky_activity; normal_network_activity,media_viewing,NET_001; NORMAL_003; NET_002,16; 16; 8,The device is using a private network with normal browsing activity and no risky signals detected.,No action required; this activity is within normal operational bounds.,4.702,0,TRUE,TRUE,
R108,PROC_013,PROC,PowerShell activity while Defender is disabled,abnormal,abnormal,TRUE,TP,,high,critical,FALSE,0.5,defender_disabled; defender_change,defender_disabled;powershell_activity,SEC_003; AUTH_005; PROC_005,21; 15; 15,"Microsoft Defender real-time protection is disabled, which removes a key defense layer and is a high-risk security action.",Enable real-time protection in Microsoft Defender and review system activity for any unauthorized changes.,5.245,0,TRUE,TRUE,
R109,AUTH_010,AUTH,Failed login activity while CMD is open,abnormal,abnormal,TRUE,TP,,medium,high,FALSE,0.5,repeated_failed_logins; public_network,failed_login;cmd_activity,AUTH_003; NORMAL_003; NET_001,23; 20; 17,Multiple failed login attempts combined with a private network profile indicate potential brute force attacks.,Investigate the failed login attempts and ensure account security measures are in place.,5.127,0,TRUE,TRUE,
R110,NET_001,NET,Private network normal work session,normal,normal,TRUE,TN,,low,low,TRUE,1.0,private_network; no_additional_risky_activity; normal_network_activity,private_network;normal_network_activity,NET_001; NORMAL_003; NET_002,16; 16; 8,The device is using a private network with normal activity and no risky signals.,No action required; this activity is within normal bounds.,4.749,0,TRUE,TRUE,
R111,USB_003,USB,Authorised USB inserted and normal file copied,normal,normal,TRUE,TN,,low,low,TRUE,0.0,private_network; no_additional_risky_activity,authorised_usb;usb_file_copied,NET_001; NORMAL_003; USB_002,16; 16; 9,The device is using a private network with no risky co-signal.,No action required; normal network activity.,4.748,0,TRUE,TRUE,
R112,NET_011,NET,Network scanning tool opened during endpoint session,abnormal,abnormal,TRUE,TP,,high,medium,FALSE,0.0,private_network; risky_processes,network_scanner_activity,NORMAL_003; SEC_003; NET_001,17; 16; 15,"A private network profile is present alongside the execution of nmap.exe, which is flagged as a risky process.",Investigate the use of nmap.exe on the private network and check for unauthorized network scanning activities.,5.146,0,TRUE,TRUE,
R113,NORMAL_016,NORMAL,Normal Word document editing and saving activity,normal,normal,TRUE,TN,,low,low,TRUE,0.0,private_network; normal_network_activity; no_additional_risky_activity,document_activity,NET_001; NORMAL_003; PROC_001,16; 16; 9,The device is using a private network with normal activity and no additional risky signals.,No action required; this activity is within normal baseline behavior.,4.771,0,TRUE,TRUE,
R114,NORMAL_006,NORMAL,Normal PDF or document viewing,normal,normal,TRUE,TN,,low,low,TRUE,0.0,private_network; no_additional_risky_activity; normal_network_activity,document_activity,NET_001; NORMAL_003; NET_002,16; 16; 8,The device is using a private network with normal browsing activity and no other risky signals.,No action required; this activity is within normal baseline behavior.,4.973,0,TRUE,TRUE,
R115,PROC_001,PROC,PowerShell opened for normal command use,normal,normal,TRUE,TN,,low,low,TRUE,0.0,private_network; normal_network_activity; no_additional_risky_activity,powershell_activity;basic_command_use,NET_001; NORMAL_003; PROC_001,17; 17; 15,The device is using a private network with normal activity and no additional risky signals.,No action required; this activity is within normal operational bounds.,5.251,0,TRUE,TRUE,
R116,NET_003,NET,Network profile checked without changes,normal,normal,TRUE,TN,,low,low,TRUE,0.0,private_network; no_additional_risky_activity,network_profile_viewed;settings_viewed,NET_001; NORMAL_003; NET_002,16; 16; 8,"The device is using a private network with no risky co-signal, indicating normal activity.",No action required; this is normal network use.,5.104,0,TRUE,TRUE,
R117,SEC_012,SEC,Security protection disabled combined with USB activity,abnormal,abnormal,TRUE,TP,,high,critical,FALSE,0.5,defender_disabled; usb_connection_count,defender_disabled;usb_connected,SEC_003; USB_005; AUTH_005,21; 17; 14,"Microsoft Defender real-time protection is disabled, which removes a key defense layer. Additionally, there is one USB connection, which could indicate potential data transfer risks.",Enable Microsoft Defender real-time protection and investigate the USB connection for unauthorized activity.,5.306,0,TRUE,TRUE,
R118,SEC_001,SEC,Windows Security dashboard opened with no changes,normal,normal,TRUE,TN,,low,low,TRUE,0.0,defender_disabled; firewall_configuration_changed,settings_viewed,SEC_003; SEC_004; PROC_005,18; 14; 12,"Defender real-time protection is disabled, but no additional risky activity is detected.",Check if Defender is disabled for a legitimate reason and ensure real-time protection is enabled.,5.313,0,TRUE,TRUE,
R119,PROC_014,PROC,PowerShell or CMD activity combined with failed login activity,normal,abnormal,FALSE,FN,,low,critical,FALSE,0.5,failed_login_activity; failed_login_count_band,failed_login;terminal_activity,AUTH_005; AUTH_002; SEC_003,21; 19; 17,A single failed login attempt is typically due to user error and poses low risk.,No action required; monitor for further suspicious activity.,4.952,0,TRUE,TRUE,
R120,USB_006,USB,Unknown USB inserted and files browsed,abnormal,abnormal,TRUE,TP,,high,medium,FALSE,0.0,defender_disabled; usb_connection_count,unknown_usb;usb_files_viewed,SEC_003; USB_002; SEC_004,18; 17; 14,"Microsoft Defender real-time protection is disabled, which is a high-risk action, and an unknown USB device is connected with files viewed but no execution.",Enable Microsoft Defender real-time protection and investigate the USB device for potential threats.,5.412,0,TRUE,TRUE,
